{
  "commands": [
    {
      "URI": "/room",
      "class": "cat.urv.deim.sob.command.RoomCommand" 
    },
    {
      "URI": "/list-room",
      "class": "cat.urv.deim.sob.command.FindRoomCommand" 
    },
    {
      "URI": "/login",
      "class": "cat.urv.deim.sob.command.LoginCommand" 
    },
    {
      "URI": "/logout",
      "class": "cat.urv.deim.sob.command.LogoutCommand" 
    },
    {
      "URI": "/register",
      "class": "cat.urv.deim.sob.command.RegisterCommand" 
    },
    {
      "URI": "/book",
      "class": "cat.urv.deim.sob.command.BookCommand" 
    }
  ]
}